"","A1","A2","DiseaseScore","Age","DiseaseScore2","A12"
"1",0,0,2.53377673215076,75.7094703660474,3.95410241126432,0
"2",0,1,2.39018301617829,23.0324730134192,2.50638219213216,1
"3",0,1,4.32531614513323,35.1519826214958,4.37784121860719,1
"4",0,0,2.51179240844968,42.1733213530911,3.2210077335219,0
"5",0,0,1.48629677329283,25.3564140806785,2.62909633195939,0
"6",1,0,3.79598542405596,31.4314468414354,6.07186793361646,1
"7",0,0,1.20466103964484,31.4840798223995,4.31556885081176,0
"8",1,0,4.18529106871218,21.2169225020101,6.10403075697272,1
"9",0,0,4.03918129952655,8.60185122168865,4.37629207690134,0
"10",0,0,3.91985424750912,20.3156200009924,5.00253571894563,0
"11",1,0,3.35034229674252,62.5775581107664,6.03604135188511,1
"12",0,0,2.87376286417406,16.0091890378284,3.00483169071706,0
"13",0,0,1.3017111548549,-10.225844496969,1.23498913043756,0
"14",0,0,2.94859443739014,20.55679318097,3.30787778265119,0
"15",0,0,1.97886190592422,13.0742204500361,1.98172388096558,0
"16",1,0,3.21400530791534,21.6440771088777,5.32731505109667,1
"17",0,0,3.29852254938513,22.5141439590719,3.38761177402447,0
"18",0,0,3.49359924275652,7.51450920939687,4.15760844025755,0
"19",0,0,2.10035601849143,42.9800758775437,5.27407178328993,0
"20",1,0,3.30331092170441,36.9326067370136,5.84470532692004,1
"21",1,0,3.87213868364087,33.7804790294273,6.33236807724018,1
"22",0,1,4.83674517189689,50.3943813527431,8.53698299558478,1
"23",0,1,3.89023321669705,49.4406312386559,7.06837169628457,1
"24",0,1,3.70611926084217,46.999960522766,5.87487158087766,1
"25",1,0,3.05578921990836,22.8441501186825,3.35155039023192,1
"26",0,0,3.46396624368955,18.4781651502655,4.42070033818567,0
"27",0,0,1.01184477801727,56.429374448082,1.41073093459909,0
"28",0,0,1.56199540832136,36.7765835819571,3.21867228321859,0
"29",0,0,0.956106753222239,35.2125535497912,1.70528740701905,0
"30",0,0,2.89369995105951,56.9805996179187,4.28854772993384,0
"31",1,0,2.79747959108293,40.7578920382389,6.75314017589601,1
"32",0,1,3.02060160670358,53.4110905118833,3.23635935059483,1
"33",0,0,2.66532445488287,24.4502934272043,4.18833435241585,0
"34",0,1,3.12470786441434,61.1212912909314,5.51723880078198,1
"35",0,0,3.12420564856106,0.566901310464551,3.1721532067686,0
"36",0,0,2.22231603330138,19.0498535096087,3.13370553415598,0
"37",0,0,2.6760214782939,15.4643689284621,3.94728196471029,0
"38",0,1,3.84603611183243,43.3208633490608,8.00979890265821,1
"39",0,0,0.314769627050793,31.2500047936788,1.12306252753279,0
"40",0,1,3.88399238846845,35.8077259789256,4.57654868476903,1
"41",0,1,3.37274586266,13.3452333828147,4.53561008297684,1
"42",0,1,1.75600830404505,29.7090601240198,4.65729836082632,1
"43",0,1,2.73378148308659,14.3461212580056,4.02243867426469,1
"44",0,0,2.47714894103064,15.9948675173761,4.07436027426452,0
"45",0,0,2.4469934382583,41.7491737434411,2.45397076688525,0
"46",1,0,4.57949748737242,16.411900579356,4.66561805607829,1
"47",1,0,3.84568265776267,41.260172391767,6.55825660256188,1
"48",0,0,2.49144890566619,42.9332852946421,6.65831842662338,0
"49",0,1,2.67927650221724,6.9760697576927,2.82184628696791,1
"50",1,0,3.41304853016571,33.2723268101367,6.3168688146969,1
"51",0,0,2.03786511024967,48.1457268459561,5.89708202779617,0
"52",0,0,3.38800411338396,24.0285186605706,4.13023415616511,0
"53",1,1,3.74725572356831,14.1048222294666,4.16901619282189,2
"54",0,0,1.35529111338147,26.4034251167348,3.14363198994619,0
"55",0,0,1.37148487754351,33.2212142323053,4.05494570111516,0
"56",0,0,1.98359432348687,63.9396007731004,3.8160921460443,0
"57",1,1,3.56312643508069,34.9926394090976,6.70209160847082,2
"58",0,0,2.19819401915788,24.9269548489849,2.96972517190664,0
"59",0,0,2.95216323830897,28.0474265376806,4.73101233083484,0
"60",0,0,3.50917890143113,22.3405709023003,5.35511376486355,0
"61",0,0,1.94188532961779,32.3187377022718,2.43244038560362,0
"62",0,0,1.32314379569369,60.8974881534637,2.30217827279335,0
"63",1,1,3.35380874384399,25.6945405936066,3.78147812276957,2
"64",1,1,3.36395164423095,65.7588343492167,8.3629553512097,2
"65",0,0,1.93246858429107,32.4578087285575,2.55604935158643,0
"66",0,0,3.31466890867281,40.1196823101458,6.65509980054324,0
"67",0,0,0.906260750291171,9.26297225785127,0.940129289994092,0
"68",1,0,2.49723531959165,42.1844850118263,5.74388429767026,1
"69",1,0,1.69562910397979,14.8918573848187,2.17880124353061,1
"70",1,1,4.5682066514336,90.5877422761108,8.00815863424957,2
"71",0,0,0.89830600529426,33.4063858573561,3.67127316751435,0
"72",0,0,2.97991704152998,31.7938328711324,5.68600127683589,0
"73",1,1,2.14466921356159,34.2809279958535,4.41103951018197,2
"74",0,0,1.66931664964057,42.4177650586573,4.38363331735919,0
"75",0,0,1.04914477475508,48.1733986594184,4.80707249644937,0
"76",0,0,2.01419217145234,58.7909121474028,7.03839564567763,0
"77",0,0,2.21483035704655,25.3786559280485,4.34965107862605,0
"78",0,0,1.07640261432626,29.6935101641676,2.48241005144369,0
"79",1,1,4.00369794198699,70.2037735839187,7.26570081195637,2
"80",1,0,1.96604326591232,26.9059461895133,3.18108260831586,1
"81",1,0,3.5115326943036,34.0015324355741,5.319537894778,1
"82",0,0,2.29724900351452,20.7673334622735,3.73326198253161,0
"83",0,0,2.67483881526093,52.9895681212941,3.6946953728952,0
"84",1,0,2.90906424428179,49.0553893102048,4.71501795933553,1
"85",0,1,4.25274994936464,33.7786248511974,6.60407244860558,1
"86",0,0,2.57019830608754,-10.2538495077991,2.03245345845564,0
"87",0,0,2.80924902254011,19.4686685755772,2.91988518997238,0
"88",1,0,3.26309571844262,31.1161080385531,5.60153242195023,1
"89",0,1,1.6461230935434,4.97691366213871,2.12739579367543,1
"90",1,0,3.51513301590897,40.1474374283501,6.82388928095962,1
"91",0,1,3.39152275953089,74.1224856641444,5.99415499740869,1
"92",0,0,2.83023471843693,5.51927244585514,3.29852706193978,0
"93",0,1,3.24965056991853,27.1579366881542,3.53284445635279,1
"94",0,0,0.92057331153798,14.382022074406,0.927234380546119,0
"95",0,1,3.13813983290018,33.1336643106351,4.62591649466704,1
"96",0,0,2.08585291345669,27.199771266954,4.71975848873115,0
"97",0,0,1.57831100705996,67.2259526525107,1.64769175500824,0
"98",0,1,4.55233150246596,2.99213172491891,4.57666711300978,1
"99",0,0,1.77293401839808,77.6114481533757,6.03651428214064,0
"100",1,0,3.06420625050925,-4.30815897422058,2.65432238844317,1
